Name,Age,Gender,Marks
Amit,-0.0873704056661038,1,0.07257054564503448
Priya,1.310556084991557,0,1.233699275965586
Rahul,0.26211121699831136,1,-1.5530096768037378
Karan,-1.4852968963237645,1,0.24673985519311722
